Id,SectorId,Latitude,Longitude,Frequency (MHz),Repeater Type,System Type,Receive Antenna Gain (dBi),Receive Antenna Height  (m),Receive Beam Tilt,Effective Diversity Gain (dB),Receive Measured Uplink Interference (dBmW),Receive Predicted Uplink Interference (dBmW),Receive System Noise Figure (dB),Receive Equivalent Noise Bandwidth (MHz),Transmit Beam Tilt,Traffic Channels Per Carrier,Traffic Data Rate (kbps),Wi MAX Channel Segment
SF_AA,SF_AA01,37.79070507,-122.3992414,1700,1,LTE,14,30,-2,5,-160,-160,4,5,-2,22,1200,0
SF_AA,SF_AA02,37.79070507,-122.3992414,1700,1,LTE,14,30,-2,5,-160,-160,4,5,-2,10,1200,1
SF_AA,SF_AA03,37.79070507,-122.3992414,1700,1,LTE,14,30,-2,5,-160,-160,4,5,-2,35,1200,2
SF_AB,SF_AB01,37.79743076,-122.4104134,1700,1,LTE,14,30,-2,5,-160,-160,4,5,-2,22,1200,0
SF_AB,SF_AB02,37.79743076,-122.4104134,1700,1,LTE,14,30,-2,5,-160,-160,4,5,-2,10,1200,1
SF_AB,SF_AB03,37.79743076,-122.4104134,1700,1,LTE,14,30,-2,5,-160,-160,4,5,-2,35,1200,2
SF_AC,SF_AC01,37.7914708,-122.4124786,1700,1,LTE,14,30,-2,5,-160,-160,4,5,-2,22,1200,0
SF_AC,SF_AC02,37.7914708,-122.4124786,1700,1,LTE,14,30,-2,5,-160,-160,4,5,-2,10,1200,1
SF_AC,SF_AC03,37.7914708,-122.4124786,1700,1,LTE,14,30,-2,5,-160,-160,4,5,-2,35,1200,2
SF_AD,SF_AD01,37.80042037,-122.3986474,1700,1,LTE,14,30,-2,5,-160,-160,4,5,-2,22,1200,0
SF_AD,SF_AD02,37.80042037,-122.3986474,1700,1,LTE,14,30,-2,5,-160,-160,4,5,-2,10,1200,1
SF_AD,SF_AD03,37.80042037,-122.3986474,1700,1,LTE,14,30,-2,5,-160,-160,4,5,-2,35,1200,2
SF_AE,SF_AE01,37.79946953,-122.4011899,1700,1,LTE,14,30,-2,5,-160,-160,4,5,-2,22,1200,0
SF_AE,SF_AE02,37.79946953,-122.4011899,1700,1,LTE,14,30,-2,5,-160,-160,4,5,-2,10,1200,1
SF_AE,SF_AE03,37.79946953,-122.4011899,1700,1,LTE,14,30,-2,5,-160,-160,4,5,-2,35,1200,2
SF_AF,SF_AF01,37.79799971,-122.3997736,1700,1,LTE,14,30,-2,5,-160,-160,4,5,-2,22,1200,0
SF_AF,SF_AF02,37.79799971,-122.3997736,1700,1,LTE,14,30,-2,5,-160,-160,4,5,-2,10,1200,1
SF_AF,SF_AF03,37.79799971,-122.3997736,1700,1,LTE,14,30,-2,5,-160,-160,4,5,-2,35,1200,2
SF_AG,SF_AG01,37.80209211,-122.4030783,1700,1,LTE,14,30,-2,5,-160,-160,4,5,-2,22,1200,0
SF_AG,SF_AG02,37.80209211,-122.4030783,1700,1,LTE,14,30,-2,5,-160,-160,4,5,-2,10,1200,1
SF_AG,SF_AG03,37.80209211,-122.4030783,1700,1,LTE,14,30,-2,5,-160,-160,4,5,-2,35,1200,2
SF_AH,SF_AH01,37.78935084,-122.3888485,1700,1,LTE,14,30,-2,5,-160,-160,4,5,-2,22,1200,0
SF_AH,SF_AH02,37.78935084,-122.3888485,1700,1,LTE,14,30,-2,5,-160,-160,4,5,-2,10,1200,1
SF_AH,SF_AH03,37.78935084,-122.3888485,1700,1,LTE,14,30,-2,5,-160,-160,4,5,-2,35,1200,2
SF_AI,SF_AI01,37.78805402,-122.3877227,1700,1,LTE,14,30,-2,5,-160,-160,4,5,-2,22,1200,0
SF_AI,SF_AI02,37.78805402,-122.3877227,1700,1,LTE,14,30,-2,5,-160,-160,4,5,-2,10,1200,1
SF_AI,SF_AI03,37.78805402,-122.3877227,1700,1,LTE,14,30,-2,5,-160,-160,4,5,-2,35,1200,2
SF_AJ,SF_AJ01,37.78445164,-122.3912449,1700,1,LTE,14,30,-2,5,-160,-160,4,5,-2,22,1200,0
SF_AJ,SF_AJ02,37.78445164,-122.3912449,1700,1,LTE,14,30,-2,5,-160,-160,4,5,-2,10,1200,1
SF_AJ,SF_AJ03,37.78445164,-122.3912449,1700,1,LTE,14,30,-2,5,-160,-160,4,5,-2,35,1200,2
SF_AK,SF_AK01,37.78592142,-122.3897562,1700,1,LTE,14,30,-2,5,-160,-160,4,5,-2,22,1200,0
SF_AK,SF_AK02,37.78592142,-122.3897562,1700,1,LTE,14,30,-2,5,-160,-160,4,5,-2,10,1200,1
SF_AK,SF_AK03,37.78592142,-122.3897562,1700,1,LTE,14,30,-2,5,-160,-160,4,5,-2,35,1200,2
SF_AL,SF_AL01,37.78707412,-122.3913177,1700,1,LTE,14,30,-2,5,-160,-160,4,5,-2,22,1200,0
SF_AL,SF_AL02,37.78707412,-122.3913177,1700,1,LTE,14,30,-2,5,-160,-160,4,5,-2,10,1200,1
SF_AL,SF_AL03,37.78707412,-122.3913177,1700,1,LTE,14,30,-2,5,-160,-160,4,5,-2,35,1200,2
SF_AM,SF_AM01,37.7852298,-122.3882674,1700,1,LTE,14,30,-2,5,-160,-160,4,5,-2,22,1200,0
SF_AM,SF_AM02,37.7852298,-122.3882674,1700,1,LTE,14,30,-2,5,-160,-160,4,5,-2,10,1200,1
SF_AM,SF_AM03,37.7852298,-122.3882674,1700,1,LTE,14,30,-2,5,-160,-160,4,5,-2,35,1200,2
SF_AN,SF_AN01,37.78361594,-122.3897561,1700,1,LTE,14,30,-2,5,-160,-160,4,5,-2,22,1200,0
SF_AN,SF_AN02,37.78361594,-122.3897561,1700,1,LTE,14,30,-2,5,-160,-160,4,5,-2,10,1200,1
SF_AN,SF_AN03,37.78361594,-122.3897561,1700,1,LTE,14,30,-2,5,-160,-160,4,5,-2,35,1200,2
SF_AO,SF_AO01,37.78808267,-122.3935692,1700,1,LTE,14,30,-2,5,-160,-160,4,5,-2,22,1200,0
SF_AO,SF_AO02,37.78808267,-122.3935692,1700,1,LTE,14,30,-2,5,-160,-160,4,5,-2,10,1200,1
SF_AO,SF_AO03,37.78808267,-122.3935692,1700,1,LTE,14,30,-2,5,-160,-160,4,5,-2,35,1200,2
SF_AP,SF_AP01,37.791391,-122.3924853,1700,1,LTE,14,30,-2,5,-160,-160,4,5,-2,22,1200,0
SF_AP,SF_AP02,37.791391,-122.3924853,1700,1,LTE,14,30,-2,5,-160,-160,4,5,-2,10,1200,1
SF_AP,SF_AP03,37.791391,-122.3924853,1700,1,LTE,14,30,-2,5,-160,-160,4,5,-2,35,1200,2
SF_AQ,SF_AQ01,37.78118462,-122.3881849,1700,1,LTE,14,30,-2,5,-160,-160,4,5,-2,22,1200,0
SF_AQ,SF_AQ02,37.78118462,-122.3881849,1700,1,LTE,14,30,-2,5,-160,-160,4,5,-2,10,1200,1
SF_AQ,SF_AQ03,37.78118462,-122.3881849,1700,1,LTE,14,30,-2,5,-160,-160,4,5,-2,35,1200,2
SF_AR,SF_AR01,37.7796818,-122.3898021,1700,1,LTE,14,30,-2,5,-160,-160,4,5,-2,22,1200,0
SF_AR,SF_AR02,37.7796818,-122.3898021,1700,1,LTE,14,30,-2,5,-160,-160,4,5,-2,10,1200,1
SF_AR,SF_AR03,37.7796818,-122.3898021,1700,1,LTE,14,30,-2,5,-160,-160,4,5,-2,35,1200,2
SF_AS,SF_AS01,37.7726061,-122.3909852,1700,1,LTE,14,30,-2,5,-160,-160,4,5,-2,22,1200,0
SF_AS,SF_AS02,37.7726061,-122.3909852,1700,1,LTE,14,30,-2,5,-160,-160,4,5,-2,10,1200,1
SF_AS,SF_AS03,37.7726061,-122.3909852,1700,1,LTE,14,30,-2,5,-160,-160,4,5,-2,35,1200,2
SF_AT,SF_AT01,37.78381437,-122.3933526,1700,1,LTE,14,30,-2,5,-160,-160,4,5,-2,22,1200,0
SF_AT,SF_AT02,37.78381437,-122.3933526,1700,1,LTE,14,30,-2,5,-160,-160,4,5,-2,10,1200,1
SF_AT,SF_AT03,37.78381437,-122.3933526,1700,1,LTE,14,30,-2,5,-160,-160,4,5,-2,35,1200,2
SF_AU,SF_AU01,37.7837203,-122.39568,1700,1,LTE,14,30,-2,5,-160,-160,4,5,-2,22,1200,0
SF_AU,SF_AU02,37.7837203,-122.39568,1700,1,LTE,14,30,-2,5,-160,-160,4,5,-2,10,1200,1
SF_AU,SF_AU03,37.7837203,-122.39568,1700,1,LTE,14,30,-2,5,-160,-160,4,5,-2,35,1200,2
SF_AV,SF_AV01,37.78262438,-122.3974156,1700,1,LTE,14,30,-2,5,-160,-160,4,5,-2,22,1200,0
SF_AV,SF_AV02,37.78262438,-122.3974156,1700,1,LTE,14,30,-2,5,-160,-160,4,5,-2,10,1200,1
SF_AV,SF_AV03,37.78262438,-122.3974156,1700,1,LTE,14,30,-2,5,-160,-160,4,5,-2,35,1200,2
SF_AW,SF_AW01,37.78062042,-122.3997821,1700,1,LTE,14,30,-2,5,-160,-160,4,5,-2,22,1200,0
SF_AW,SF_AW02,37.78062042,-122.3997821,1700,1,LTE,14,30,-2,5,-160,-160,4,5,-2,10,1200,1
SF_AW,SF_AW03,37.78062042,-122.3997821,1700,1,LTE,14,30,-2,5,-160,-160,4,5,-2,35,1200,2
SF_AX,SF_AX01,37.78215496,-122.3946542,1700,1,LTE,14,30,-2,5,-160,-160,4,5,-2,22,1200,0
SF_AX,SF_AX02,37.78215496,-122.3946542,1700,1,LTE,14,30,-2,5,-160,-160,4,5,-2,10,1200,1
SF_AX,SF_AX03,37.78215496,-122.3946542,1700,1,LTE,14,30,-2,5,-160,-160,4,5,-2,35,1200,2
SF_AY,SF_AY01,37.77805311,-122.4001367,1700,1,LTE,14,30,-2,5,-160,-160,4,5,-2,22,1200,0
SF_AY,SF_AY02,37.77805311,-122.4001367,1700,1,LTE,14,30,-2,5,-160,-160,4,5,-2,10,1200,1
SF_AY,SF_AY03,37.77805311,-122.4001367,1700,1,LTE,14,30,-2,5,-160,-160,4,5,-2,35,1200,2
SF_AZ,SF_AZ01,37.77943089,-122.3979674,1700,1,LTE,14,30,-2,5,-160,-160,4,5,-2,22,1200,0
SF_AZ,SF_AZ02,37.77943089,-122.3979674,1700,1,LTE,14,30,-2,5,-160,-160,4,5,-2,10,1200,1
SF_AZ,SF_AZ03,37.77943089,-122.3979674,1700,1,LTE,14,30,-2,5,-160,-160,4,5,-2,35,1200,2
SF_BA,SF_BA01,37.7800573,-122.394654,1700,1,LTE,14,30,-2,5,-160,-160,4,5,-2,22,1200,0
SF_BA,SF_BA02,37.7800573,-122.394654,1700,1,LTE,14,30,-2,5,-160,-160,4,5,-2,10,1200,1
SF_BA,SF_BA03,37.7800573,-122.394654,1700,1,LTE,14,30,-2,5,-160,-160,4,5,-2,35,1200,2
SF_BB,SF_BB01,37.78387529,-122.408264,1700,1,LTE,14,30,-2,5,-160,-160,4,5,-2,22,1200,0
SF_BB,SF_BB02,37.78387529,-122.408264,1700,1,LTE,14,30,-2,5,-160,-160,4,5,-2,10,1200,1
SF_BB,SF_BB03,37.78387529,-122.408264,1700,1,LTE,14,30,-2,5,-160,-160,4,5,-2,35,1200,2
SF_BC,SF_BC01,37.7764564,-122.3984781,1700,1,LTE,14,30,-2,5,-160,-160,4,5,-2,22,1200,0
SF_BC,SF_BC02,37.7764564,-122.3984781,1700,1,LTE,14,30,-2,5,-160,-160,4,5,-2,10,1200,1
SF_BC,SF_BC03,37.7764564,-122.3984781,1700,1,LTE,14,30,-2,5,-160,-160,4,5,-2,35,1200,2
SF_BD,SF_BD01,37.78625565,-122.3954034,1700,1,LTE,14,30,-2,5,-160,-160,4,5,-2,22,1200,0
SF_BD,SF_BD02,37.78625565,-122.3954034,1700,1,LTE,14,30,-2,5,-160,-160,4,5,-2,10,1200,1
SF_BD,SF_BD03,37.78625565,-122.3954034,1700,1,LTE,14,30,-2,5,-160,-160,4,5,-2,35,1200,2
SF_BE,SF_BE01,37.78728881,-122.3967841,1700,1,LTE,14,30,-2,5,-160,-160,4,5,-2,22,1200,0
SF_BE,SF_BE02,37.78728881,-122.3967841,1700,1,LTE,14,30,-2,5,-160,-160,4,5,-2,10,1200,1
SF_BE,SF_BE03,37.78728881,-122.3967841,1700,1,LTE,14,30,-2,5,-160,-160,4,5,-2,35,1200,2
SF_BF,SF_BF01,37.78847666,-122.3961526,1700,1,LTE,14,30,-2,5,-160,-160,4,5,-2,22,1200,0
SF_BF,SF_BF02,37.78847666,-122.3961526,1700,1,LTE,14,30,-2,5,-160,-160,4,5,-2,10,1200,1
SF_BF,SF_BF03,37.78847666,-122.3961526,1700,1,LTE,14,30,-2,5,-160,-160,4,5,-2,35,1200,2
SF_BG,SF_BG01,37.79439409,-122.3947335,1700,1,LTE,14,30,-2,5,-160,-160,4,5,-2,22,1200,0
SF_BG,SF_BG02,37.79439409,-122.3947335,1700,1,LTE,14,30,-2,5,-160,-160,4,5,-2,10,1200,1
SF_BG,SF_BG03,37.79439409,-122.3947335,1700,1,LTE,14,30,-2,5,-160,-160,4,5,-2,35,1200,2
SF_BH,SF_BH01,37.77761152,-122.3914944,1700,1,LTE,14,30,-2,5,-160,-160,4,5,-2,22,1200,0
SF_BH,SF_BH02,37.77761152,-122.3914944,1700,1,LTE,14,30,-2,5,-160,-160,4,5,-2,10,1200,1
SF_BH,SF_BH03,37.77761152,-122.3914944,1700,1,LTE,14,30,-2,5,-160,-160,4,5,-2,35,1200,2
SF_BI,SF_BI01,37.77629643,-122.3936637,1700,1,LTE,14,30,-2,5,-160,-160,4,5,-2,22,1200,0
SF_BI,SF_BI02,37.77629643,-122.3936637,1700,1,LTE,14,30,-2,5,-160,-160,4,5,-2,10,1200,1
SF_BI,SF_BI03,37.77629643,-122.3936637,1700,1,LTE,14,30,-2,5,-160,-160,4,5,-2,35,1200,2
SF_BJ,SF_BJ01,37.77175676,-122.3932688,1700,1,LTE,14,30,-2,5,-160,-160,4,5,-2,22,1200,0
SF_BJ,SF_BJ02,37.77175676,-122.3932688,1700,1,LTE,14,30,-2,5,-160,-160,4,5,-2,10,1200,1
SF_BJ,SF_BJ03,37.77175676,-122.3932688,1700,1,LTE,14,30,-2,5,-160,-160,4,5,-2,35,1200,2
SF_BK,SF_BK01,37.77025373,-122.3960689,1700,1,LTE,14,30,-2,5,-160,-160,4,5,-2,22,1200,0
SF_BK,SF_BK02,37.77025373,-122.3960689,1700,1,LTE,14,30,-2,5,-160,-160,4,5,-2,10,1200,1
SF_BK,SF_BK03,37.77025373,-122.3960689,1700,1,LTE,14,30,-2,5,-160,-160,4,5,-2,35,1200,2
SF_BL,SF_BL01,37.77429229,-122.3982783,1700,1,LTE,14,30,-2,5,-160,-160,4,5,-2,22,1200,0
SF_BL,SF_BL02,37.77429229,-122.3982783,1700,1,LTE,14,30,-2,5,-160,-160,4,5,-2,10,1200,1
SF_BL,SF_BL03,37.77429229,-122.3982783,1700,1,LTE,14,30,-2,5,-160,-160,4,5,-2,35,1200,2
SF_BM,SF_BM01,37.77905068,-122.4019871,1700,1,LTE,14,30,-2,5,-160,-160,4,5,-2,22,1200,0
SF_BM,SF_BM02,37.77905068,-122.4019871,1700,1,LTE,14,30,-2,5,-160,-160,4,5,-2,10,1200,1
SF_BM,SF_BM03,37.77905068,-122.4019871,1700,1,LTE,14,30,-2,5,-160,-160,4,5,-2,35,1200,2
SF_BN,SF_BN01,37.77563739,-122.4062857,1700,1,LTE,14,30,-2,5,-160,-160,4,5,-2,22,1200,0
SF_BN,SF_BN02,37.77563739,-122.4062857,1700,1,LTE,14,30,-2,5,-160,-160,4,5,-2,10,1200,1
SF_BN,SF_BN03,37.77563739,-122.4062857,1700,1,LTE,14,30,-2,5,-160,-160,4,5,-2,35,1200,2
SF_BO,SF_BO01,37.77231847,-122.4075863,1700,1,LTE,14,30,-2,5,-160,-160,4,5,-2,22,1200,0
SF_BO,SF_BO02,37.77231847,-122.4075863,1700,1,LTE,14,30,-2,5,-160,-160,4,5,-2,10,1200,1
SF_BO,SF_BO03,37.77231847,-122.4075863,1700,1,LTE,14,30,-2,5,-160,-160,4,5,-2,35,1200,2
SF_BP,SF_BP01,37.77441666,-122.4045498,1700,1,LTE,14,30,-2,5,-160,-160,4,5,-2,22,1200,0
SF_BP,SF_BP02,37.77441666,-122.4045498,1700,1,LTE,14,30,-2,5,-160,-160,4,5,-2,10,1200,1
SF_BP,SF_BP03,37.77441666,-122.4045498,1700,1,LTE,14,30,-2,5,-160,-160,4,5,-2,35,1200,2
SF_BQ,SF_BQ01,37.76931174,-122.4065607,1700,1,LTE,14,30,-2,5,-160,-160,4,5,-2,22,1200,0
SF_BQ,SF_BQ02,37.76931174,-122.4065607,1700,1,LTE,14,30,-2,5,-160,-160,4,5,-2,10,1200,1
SF_BQ,SF_BQ03,37.76931174,-122.4065607,1700,1,LTE,14,30,-2,5,-160,-160,4,5,-2,35,1200,2
SF_BR,SF_BR01,37.78250307,-122.410342,1700,1,LTE,14,30,-2,5,-160,-160,4,5,-2,22,1200,0
SF_BR,SF_BR02,37.78250307,-122.410342,1700,1,LTE,14,30,-2,5,-160,-160,4,5,-2,10,1200,1
SF_BR,SF_BR03,37.78250307,-122.410342,1700,1,LTE,14,30,-2,5,-160,-160,4,5,-2,35,1200,2
SF_BS,SF_BS01,37.78073941,-122.4134841,1700,1,LTE,14,30,-2,5,-160,-160,4,5,-2,22,1200,0
SF_BS,SF_BS02,37.78073941,-122.4134841,1700,1,LTE,14,30,-2,5,-160,-160,4,5,-2,10,1200,1
SF_BS,SF_BS03,37.78073941,-122.4134841,1700,1,LTE,14,30,-2,5,-160,-160,4,5,-2,35,1200,2
SF_BT,SF_BT01,37.77781997,-122.4147105,1700,1,LTE,14,30,-2,5,-160,-160,4,5,-2,22,1200,0
SF_BT,SF_BT02,37.77781997,-122.4147105,1700,1,LTE,14,30,-2,5,-160,-160,4,5,-2,10,1200,1
SF_BT,SF_BT03,37.77781997,-122.4147105,1700,1,LTE,14,30,-2,5,-160,-160,4,5,-2,35,1200,2
SF_BU,SF_BU01,37.77575208,-122.4204577,1700,1,LTE,14,30,-2,5,-160,-160,4,5,-2,22,1200,0
SF_BU,SF_BU02,37.77575208,-122.4204577,1700,1,LTE,14,30,-2,5,-160,-160,4,5,-2,10,1200,1
SF_BU,SF_BU03,37.77575208,-122.4204577,1700,1,LTE,14,30,-2,5,-160,-160,4,5,-2,35,1200,2
SF_BV,SF_BV01,37.77520453,-122.4253618,1700,1,LTE,14,30,-2,5,-160,-160,4,5,-2,22,1200,0
SF_BV,SF_BV02,37.77520453,-122.4253618,1700,1,LTE,14,30,-2,5,-160,-160,4,5,-2,10,1200,1
SF_BV,SF_BV03,37.77520453,-122.4253618,1700,1,LTE,14,30,-2,5,-160,-160,4,5,-2,35,1200,2
SF_BW,SF_BW01,37.77040364,-122.4275035,1700,1,LTE,14,30,-2,5,-160,-160,4,5,-2,22,1200,0
SF_BW,SF_BW02,37.77040364,-122.4275035,1700,1,LTE,14,30,-2,5,-160,-160,4,5,-2,10,1200,1
SF_BW,SF_BW03,37.77040364,-122.4275035,1700,1,LTE,14,30,-2,5,-160,-160,4,5,-2,35,1200,2
SF_BX,SF_BX01,37.7673996,-122.431463,1700,1,LTE,14,30,-2,5,-160,-160,4,5,-2,22,1200,0
SF_BX,SF_BX02,37.7673996,-122.431463,1700,1,LTE,14,30,-2,5,-160,-160,4,5,-2,10,1200,1
SF_BX,SF_BX03,37.7673996,-122.431463,1700,1,LTE,14,30,-2,5,-160,-160,4,5,-2,35,1200,2
SF_BY,SF_BY01,37.76865751,-122.4253037,1700,1,LTE,14,30,-2,5,-160,-160,4,5,-2,22,1200,0
SF_BY,SF_BY02,37.76865751,-122.4253037,1700,1,LTE,14,30,-2,5,-160,-160,4,5,-2,10,1200,1
SF_BY,SF_BY03,37.76865751,-122.4253037,1700,1,LTE,14,30,-2,5,-160,-160,4,5,-2,35,1200,2
SF_BZ,SF_BZ01,37.76467534,-122.4331348,1700,1,LTE,14,30,-2,5,-160,-160,4,5,-2,22,1200,0
SF_BZ,SF_BZ02,37.76467534,-122.4331348,1700,1,LTE,14,30,-2,5,-160,-160,4,5,-2,10,1200,1
SF_BZ,SF_BZ03,37.76467534,-122.4331348,1700,1,LTE,14,30,-2,5,-160,-160,4,5,-2,35,1200,2
SF_CA,SF_CA01,37.77284878,-122.4198478,1700,1,LTE,14,30,-2,5,-160,-160,4,5,-2,22,1200,0
SF_CA,SF_CA02,37.77284878,-122.4198478,1700,1,LTE,14,30,-2,5,-160,-160,4,5,-2,10,1200,1
SF_CA,SF_CA03,37.77284878,-122.4198478,1700,1,LTE,14,30,-2,5,-160,-160,4,5,-2,35,1200,2
SF_CB,SF_CB01,37.76223029,-122.4347183,1700,1,LTE,14,30,-2,5,-160,-160,4,5,-2,22,1200,0
SF_CB,SF_CB02,37.76223029,-122.4347183,1700,1,LTE,14,30,-2,5,-160,-160,4,5,-2,10,1200,1
SF_CB,SF_CB03,37.76223029,-122.4347183,1700,1,LTE,14,30,-2,5,-160,-160,4,5,-2,35,1200,2
SF_CC,SF_CC01,37.76439645,-122.4250395,1700,1,LTE,14,30,-2,5,-160,-160,4,5,-2,22,1200,0
SF_CC,SF_CC02,37.76439645,-122.4250395,1700,1,LTE,14,30,-2,5,-160,-160,4,5,-2,10,1200,1
SF_CC,SF_CC03,37.76439645,-122.4250395,1700,1,LTE,14,30,-2,5,-160,-160,4,5,-2,35,1200,2
SF_CD,SF_CD01,37.77033402,-122.4182639,1700,1,LTE,14,30,-2,5,-160,-160,4,5,-2,22,1200,0
SF_CD,SF_CD02,37.77033402,-122.4182639,1700,1,LTE,14,30,-2,5,-160,-160,4,5,-2,10,1200,1
SF_CD,SF_CD03,37.77033402,-122.4182639,1700,1,LTE,14,30,-2,5,-160,-160,4,5,-2,35,1200,2
SF_CE,SF_CE01,37.78023531,-122.4864717,1700,1,LTE,14,30,-2,5,-160,-160,4,5,-2,22,1200,0
SF_CE,SF_CE02,37.78023531,-122.4864717,1700,1,LTE,14,30,-2,5,-160,-160,4,5,-2,10,1200,1
SF_CE,SF_CE03,37.78023531,-122.4864717,1700,1,LTE,14,30,-2,5,-160,-160,4,5,-2,35,1200,2
SF_CF,SF_CF01,37.77911936,-122.4833024,1700,1,LTE,14,30,-2,5,-160,-160,4,5,-2,22,1200,0
SF_CF,SF_CF02,37.77911936,-122.4833024,1700,1,LTE,14,30,-2,5,-160,-160,4,5,-2,10,1200,1
SF_CF,SF_CF03,37.77911936,-122.4833024,1700,1,LTE,14,30,-2,5,-160,-160,4,5,-2,35,1200,2
SF_CG,SF_CG01,37.7772349,-122.4802206,1700,1,LTE,14,30,-2,5,-160,-160,4,5,-2,22,1200,0
SF_CG,SF_CG02,37.7772349,-122.4802206,1700,1,LTE,14,30,-2,5,-160,-160,4,5,-2,10,1200,1
SF_CG,SF_CG03,37.7772349,-122.4802206,1700,1,LTE,14,30,-2,5,-160,-160,4,5,-2,35,1200,2
SF_CH,SF_CH01,37.7814947,-122.4826883,1700,1,LTE,14,30,-2,5,-160,-160,4,5,-2,22,1200,0
SF_CH,SF_CH02,37.7814947,-122.4826883,1700,1,LTE,14,30,-2,5,-160,-160,4,5,-2,10,1200,1
SF_CH,SF_CH03,37.7814947,-122.4826883,1700,1,LTE,14,30,-2,5,-160,-160,4,5,-2,35,1200,2
SF_CI,SF_CI01,37.7815665,-122.4788158,1700,1,LTE,14,30,-2,5,-160,-160,4,5,-2,22,1200,0
SF_CI,SF_CI02,37.7815665,-122.4788158,1700,1,LTE,14,30,-2,5,-160,-160,4,5,-2,10,1200,1
SF_CI,SF_CI03,37.7815665,-122.4788158,1700,1,LTE,14,30,-2,5,-160,-160,4,5,-2,35,1200,2
SF_CJ,SF_CJ01,37.77968224,-122.4750299,1700,1,LTE,14,30,-2,5,-160,-160,4,5,-2,22,1200,0
SF_CJ,SF_CJ02,37.77968224,-122.4750299,1700,1,LTE,14,30,-2,5,-160,-160,4,5,-2,10,1200,1
SF_CJ,SF_CJ03,37.77968224,-122.4750299,1700,1,LTE,14,30,-2,5,-160,-160,4,5,-2,35,1200,2
SF_CK,SF_CK01,37.78136009,-122.4719507,1700,1,LTE,14,30,-2,5,-160,-160,4,5,-2,22,1200,0
SF_CK,SF_CK02,37.78136009,-122.4719507,1700,1,LTE,14,30,-2,5,-160,-160,4,5,-2,10,1200,1
SF_CK,SF_CK03,37.78136009,-122.4719507,1700,1,LTE,14,30,-2,5,-160,-160,4,5,-2,35,1200,2
SF_CL,SF_CL01,37.77877625,-122.4701888,1700,1,LTE,14,30,-2,5,-160,-160,4,5,-2,22,1200,0
SF_CL,SF_CL02,37.77877625,-122.4701888,1700,1,LTE,14,30,-2,5,-160,-160,4,5,-2,10,1200,1
SF_CL,SF_CL03,37.77877625,-122.4701888,1700,1,LTE,14,30,-2,5,-160,-160,4,5,-2,35,1200,2
SF_CM,SF_CM01,37.78268995,-122.4653506,1700,1,LTE,14,30,-2,5,-160,-160,4,5,-2,22,1200,0
SF_CM,SF_CM02,37.78268995,-122.4653506,1700,1,LTE,14,30,-2,5,-160,-160,4,5,-2,10,1200,1
SF_CM,SF_CM03,37.78268995,-122.4653506,1700,1,LTE,14,30,-2,5,-160,-160,4,5,-2,35,1200,2
SF_CN,SF_CN01,37.78017727,-122.4594524,1700,1,LTE,14,30,-2,5,-160,-160,4,5,-2,22,1200,0
SF_CN,SF_CN02,37.78017727,-122.4594524,1700,1,LTE,14,30,-2,5,-160,-160,4,5,-2,10,1200,1
SF_CN,SF_CN03,37.78017727,-122.4594524,1700,1,LTE,14,30,-2,5,-160,-160,4,5,-2,35,1200,2
SF_CO,SF_CO01,37.78297386,-122.4509165,1700,1,LTE,14,30,-2,5,-160,-160,4,5,-2,22,1200,0
SF_CO,SF_CO02,37.78297386,-122.4509165,1700,1,LTE,14,30,-2,5,-160,-160,4,5,-2,10,1200,1
SF_CO,SF_CO03,37.78297386,-122.4509165,1700,1,LTE,14,30,-2,5,-160,-160,4,5,-2,35,1200,2
SF_CP,SF_CP01,37.78143834,-122.4453711,1700,1,LTE,14,30,-2,5,-160,-160,4,5,-2,22,1200,0
SF_CP,SF_CP02,37.78143834,-122.4453711,1700,1,LTE,14,30,-2,5,-160,-160,4,5,-2,10,1200,1
SF_CP,SF_CP03,37.78143834,-122.4453711,1700,1,LTE,14,30,-2,5,-160,-160,4,5,-2,35,1200,2
SF_CQ,SF_CQ01,37.7794826,-122.4445784,1700,1,LTE,14,30,-2,5,-160,-160,4,5,-2,22,1200,0
SF_CQ,SF_CQ02,37.7794826,-122.4445784,1700,1,LTE,14,30,-2,5,-160,-160,4,5,-2,10,1200,1
SF_CQ,SF_CQ03,37.7794826,-122.4445784,1700,1,LTE,14,30,-2,5,-160,-160,4,5,-2,35,1200,2
SF_CR,SF_CR01,37.77606079,-122.438681,1700,1,LTE,14,30,-2,5,-160,-160,4,5,-2,22,1200,0
SF_CR,SF_CR02,37.77606079,-122.438681,1700,1,LTE,14,30,-2,5,-160,-160,4,5,-2,10,1200,1
SF_CR,SF_CR03,37.77606079,-122.438681,1700,1,LTE,14,30,-2,5,-160,-160,4,5,-2,35,1200,2
SF_CS,SF_CS01,37.78722002,-122.4460924,1700,1,LTE,14,30,-2,5,-160,-160,4,5,-2,22,1200,0
SF_CS,SF_CS02,37.78722002,-122.4460924,1700,1,LTE,14,30,-2,5,-160,-160,4,5,-2,10,1200,1
SF_CS,SF_CS03,37.78722002,-122.4460924,1700,1,LTE,14,30,-2,5,-160,-160,4,5,-2,35,1200,2
SF_CT,SF_CT01,37.77319568,-122.472251,1700,1,LTE,14,30,-2,5,-160,-160,4,5,-2,22,1200,0
SF_CT,SF_CT02,37.77319568,-122.472251,1700,1,LTE,14,30,-2,5,-160,-160,4,5,-2,10,1200,1
SF_CT,SF_CT03,37.77319568,-122.472251,1700,1,LTE,14,30,-2,5,-160,-160,4,5,-2,35,1200,2
SF_CU,SF_CU01,37.77559198,-122.4638543,1700,1,LTE,14,30,-2,5,-160,-160,4,5,-2,22,1200,0
SF_CU,SF_CU02,37.77559198,-122.4638543,1700,1,LTE,14,30,-2,5,-160,-160,4,5,-2,10,1200,1
SF_CU,SF_CU03,37.77559198,-122.4638543,1700,1,LTE,14,30,-2,5,-160,-160,4,5,-2,35,1200,2
SF_CV,SF_CV01,37.76396813,-122.4661084,1700,1,LTE,14,30,-2,5,-160,-160,4,5,-2,22,1200,0
SF_CV,SF_CV02,37.76396813,-122.4661084,1700,1,LTE,14,30,-2,5,-160,-160,4,5,-2,10,1200,1
SF_CV,SF_CV03,37.76396813,-122.4661084,1700,1,LTE,14,30,-2,5,-160,-160,4,5,-2,35,1200,2
SF_CW,SF_CW01,37.76414154,-122.4590033,1700,1,LTE,14,30,-2,5,-160,-160,4,5,-2,22,1200,0
SF_CW,SF_CW02,37.76414154,-122.4590033,1700,1,LTE,14,30,-2,5,-160,-160,4,5,-2,10,1200,1
SF_CW,SF_CW03,37.76414154,-122.4590033,1700,1,LTE,14,30,-2,5,-160,-160,4,5,-2,35,1200,2
SF_CX,SF_CX01,37.76285208,-122.4778418,1700,1,LTE,14,30,-2,5,-160,-160,4,5,-2,22,1200,0
SF_CX,SF_CX02,37.76285208,-122.4778418,1700,1,LTE,14,30,-2,5,-160,-160,4,5,-2,10,1200,1
SF_CX,SF_CX03,37.76285208,-122.4778418,1700,1,LTE,14,30,-2,5,-160,-160,4,5,-2,35,1200,2
SF_CY,SF_CY01,37.75883596,-122.4764394,1700,1,LTE,14,30,-2,5,-160,-160,4,5,-2,22,1200,0
SF_CY,SF_CY02,37.75883596,-122.4764394,1700,1,LTE,14,30,-2,5,-160,-160,4,5,-2,10,1200,1
SF_CY,SF_CY03,37.75883596,-122.4764394,1700,1,LTE,14,30,-2,5,-160,-160,4,5,-2,35,1200,2
SF_CZ,SF_CZ01,37.76431495,-122.4501757,1700,1,LTE,14,30,-2,5,-160,-160,4,5,-2,22,1200,0
SF_CZ,SF_CZ02,37.76431495,-122.4501757,1700,1,LTE,14,30,-2,5,-160,-160,4,5,-2,10,1200,1
SF_CZ,SF_CZ03,37.76431495,-122.4501757,1700,1,LTE,14,30,-2,5,-160,-160,4,5,-2,35,1200,2
SF_DA,SF_DA01,37.7680757,-122.4486699,1700,1,LTE,14,30,-2,5,-160,-160,4,5,-2,22,1200,0
SF_DA,SF_DA02,37.7680757,-122.4486699,1700,1,LTE,14,30,-2,5,-160,-160,4,5,-2,10,1200,1
SF_DA,SF_DA03,37.7680757,-122.4486699,1700,1,LTE,14,30,-2,5,-160,-160,4,5,-2,35,1200,2
SF_DB,SF_DB01,37.76303454,-122.4429624,1700,1,LTE,14,30,-2,5,-160,-160,4,5,-2,22,1200,0
SF_DB,SF_DB02,37.76303454,-122.4429624,1700,1,LTE,14,30,-2,5,-160,-160,4,5,-2,10,1200,1
SF_DB,SF_DB03,37.76303454,-122.4429624,1700,1,LTE,14,30,-2,5,-160,-160,4,5,-2,35,1200,2
SF_DC,SF_DC01,37.78363219,-122.4365074,1700,1,LTE,14,30,-2,5,-160,-160,4,5,-2,22,1200,0
SF_DC,SF_DC02,37.78363219,-122.4365074,1700,1,LTE,14,30,-2,5,-160,-160,4,5,-2,10,1200,1
SF_DC,SF_DC03,37.78363219,-122.4365074,1700,1,LTE,14,30,-2,5,-160,-160,4,5,-2,35,1200,2
SF_DD,SF_DD01,37.78123949,-122.4342457,1700,1,LTE,14,30,-2,5,-160,-160,4,5,-2,22,1200,0
SF_DD,SF_DD02,37.78123949,-122.4342457,1700,1,LTE,14,30,-2,5,-160,-160,4,5,-2,10,1200,1
SF_DD,SF_DD03,37.78123949,-122.4342457,1700,1,LTE,14,30,-2,5,-160,-160,4,5,-2,35,1200,2
SF_DE,SF_DE01,37.74439576,-122.4692177,1700,1,LTE,14,30,-2,5,-160,-160,4,5,-2,22,1200,0
SF_DE,SF_DE02,37.74439576,-122.4692177,1700,1,LTE,14,30,-2,5,-160,-160,4,5,-2,10,1200,1
SF_DE,SF_DE03,37.74439576,-122.4692177,1700,1,LTE,14,30,-2,5,-160,-160,4,5,-2,35,1200,2
SF_DF,SF_DF01,37.75773603,-122.4416692,1700,1,LTE,14,30,-2,5,-160,-160,4,5,-2,22,1200,0
SF_DF,SF_DF02,37.75773603,-122.4416692,1700,1,LTE,14,30,-2,5,-160,-160,4,5,-2,10,1200,1
SF_DF,SF_DF03,37.75773603,-122.4416692,1700,1,LTE,14,30,-2,5,-160,-160,4,5,-2,35,1200,2
SF_DG,SF_DG01,37.77907526,-122.503158,1700,1,LTE,14,30,-2,5,-160,-160,4,5,-2,22,1200,0
SF_DG,SF_DG02,37.77907526,-122.503158,1700,1,LTE,14,30,-2,5,-160,-160,4,5,-2,10,1200,1
SF_DG,SF_DG03,37.77907526,-122.503158,1700,1,LTE,14,30,-2,5,-160,-160,4,5,-2,35,1200,2
SF_DH,SF_DH01,37.77155421,-122.5035804,1700,1,LTE,14,30,-2,5,-160,-160,4,5,-2,22,1200,0
SF_DH,SF_DH02,37.77155421,-122.5035804,1700,1,LTE,14,30,-2,5,-160,-160,4,5,-2,10,1200,1
SF_DH,SF_DH03,37.77155421,-122.5035804,1700,1,LTE,14,30,-2,5,-160,-160,4,5,-2,35,1200,2
SF_DI,SF_DI01,37.7754024,-122.5001392,1700,1,LTE,14,30,-2,5,-160,-160,4,5,-2,22,1200,0
SF_DI,SF_DI02,37.7754024,-122.5001392,1700,1,LTE,14,30,-2,5,-160,-160,4,5,-2,10,1200,1
SF_DI,SF_DI03,37.7754024,-122.5001392,1700,1,LTE,14,30,-2,5,-160,-160,4,5,-2,35,1200,2
SF_DJ,SF_DJ01,37.77728464,-122.4970187,1700,1,LTE,14,30,-2,5,-160,-160,4,5,-2,22,1200,0
SF_DJ,SF_DJ02,37.77728464,-122.4970187,1700,1,LTE,14,30,-2,5,-160,-160,4,5,-2,10,1200,1
SF_DJ,SF_DJ03,37.77728464,-122.4970187,1700,1,LTE,14,30,-2,5,-160,-160,4,5,-2,35,1200,2
SF_DK,SF_DK01,37.77609071,-122.4929259,1700,1,LTE,14,30,-2,5,-160,-160,4,5,-2,22,1200,0
SF_DK,SF_DK02,37.77609071,-122.4929259,1700,1,LTE,14,30,-2,5,-160,-160,4,5,-2,10,1200,1
SF_DK,SF_DK03,37.77609071,-122.4929259,1700,1,LTE,14,30,-2,5,-160,-160,4,5,-2,35,1200,2
SF_DL,SF_DL01,37.77421317,-122.488402,1700,1,LTE,14,30,-2,5,-160,-160,4,5,-2,22,1200,0
SF_DL,SF_DL02,37.77421317,-122.488402,1700,1,LTE,14,30,-2,5,-160,-160,4,5,-2,10,1200,1
SF_DL,SF_DL03,37.77421317,-122.488402,1700,1,LTE,14,30,-2,5,-160,-160,4,5,-2,35,1200,2
SF_DM,SF_DM01,37.76336249,-122.4825789,1700,1,LTE,14,30,-2,5,-160,-160,4,5,-2,22,1200,0
SF_DM,SF_DM02,37.76336249,-122.4825789,1700,1,LTE,14,30,-2,5,-160,-160,4,5,-2,10,1200,1
SF_DM,SF_DM03,37.76336249,-122.4825789,1700,1,LTE,14,30,-2,5,-160,-160,4,5,-2,35,1200,2
SF_DN,SF_DN01,37.76036427,-122.4948485,1700,1,LTE,14,30,-2,5,-160,-160,4,5,-2,22,1200,0
SF_DN,SF_DN02,37.76036427,-122.4948485,1700,1,LTE,14,30,-2,5,-160,-160,4,5,-2,10,1200,1
SF_DN,SF_DN03,37.76036427,-122.4948485,1700,1,LTE,14,30,-2,5,-160,-160,4,5,-2,35,1200,2
SF_DO,SF_DO01,37.78628086,-122.4017252,1700,1,LTE,14,30,-2,5,-160,-160,4,5,-2,22,1200,0
SF_DO,SF_DO02,37.78628086,-122.4017252,1700,1,LTE,14,30,-2,5,-160,-160,4,5,-2,10,1200,1
SF_DO,SF_DO03,37.78628086,-122.4017252,1700,1,LTE,14,30,-2,5,-160,-160,4,5,-2,35,1200,2
SF_DP,SF_DP01,37.78474359,-122.4331695,1700,1,LTE,14,30,-2,5,-160,-160,4,5,-2,22,1200,0
SF_DP,SF_DP02,37.78474359,-122.4331695,1700,1,LTE,14,30,-2,5,-160,-160,4,5,-2,10,1200,1
SF_DP,SF_DP03,37.78474359,-122.4331695,1700,1,LTE,14,30,-2,5,-160,-160,4,5,-2,35,1200,2
SF_DQ,SF_DQ01,37.78568414,-122.4269238,1700,1,LTE,14,30,-2,5,-160,-160,4,5,-2,22,1200,0
SF_DQ,SF_DQ02,37.78568414,-122.4269238,1700,1,LTE,14,30,-2,5,-160,-160,4,5,-2,10,1200,1
SF_DQ,SF_DQ03,37.78568414,-122.4269238,1700,1,LTE,14,30,-2,5,-160,-160,4,5,-2,35,1200,2
SF_DR,SF_DR01,37.78158204,-122.4216472,1700,1,LTE,14,30,-2,5,-160,-160,4,5,-2,22,1200,0
SF_DR,SF_DR02,37.78158204,-122.4216472,1700,1,LTE,14,30,-2,5,-160,-160,4,5,-2,10,1200,1
SF_DR,SF_DR03,37.78158204,-122.4216472,1700,1,LTE,14,30,-2,5,-160,-160,4,5,-2,35,1200,2
SF_DS,SF_DS01,37.78713643,-122.4085093,1700,1,LTE,14,30,-2,5,-160,-160,4,5,-2,22,1200,0
SF_DS,SF_DS02,37.78713643,-122.4085093,1700,1,LTE,14,30,-2,5,-160,-160,4,5,-2,10,1200,1
SF_DS,SF_DS03,37.78713643,-122.4085093,1700,1,LTE,14,30,-2,5,-160,-160,4,5,-2,35,1200,2
SF_DT,SF_DT01,37.79935712,-122.4044144,1700,1,LTE,14,30,-2,5,-160,-160,4,5,-2,22,1200,0
SF_DT,SF_DT02,37.79935712,-122.4044144,1700,1,LTE,14,30,-2,5,-160,-160,4,5,-2,10,1200,1
SF_DT,SF_DT03,37.79935712,-122.4044144,1700,1,LTE,14,30,-2,5,-160,-160,4,5,-2,35,1200,2
SF_DU,SF_DU01,37.78927324,-122.4107705,1700,1,LTE,14,30,-2,5,-160,-160,4,5,-2,22,1200,0
SF_DU,SF_DU02,37.78927324,-122.4107705,1700,1,LTE,14,30,-2,5,-160,-160,4,5,-2,10,1200,1
SF_DU,SF_DU03,37.78927324,-122.4107705,1700,1,LTE,14,30,-2,5,-160,-160,4,5,-2,35,1200,2
SF_DV,SF_DV01,37.78696621,-122.4224011,1700,1,LTE,14,30,-2,5,-160,-160,4,5,-2,22,1200,0
SF_DV,SF_DV02,37.78696621,-122.4224011,1700,1,LTE,14,30,-2,5,-160,-160,4,5,-2,10,1200,1
SF_DV,SF_DV03,37.78696621,-122.4224011,1700,1,LTE,14,30,-2,5,-160,-160,4,5,-2,35,1200,2
SF_DW,SF_DW01,37.76386355,-122.5020648,1700,1,LTE,14,30,-2,5,-160,-160,4,5,-2,22,1200,0
SF_DW,SF_DW02,37.76386355,-122.5020648,1700,1,LTE,14,30,-2,5,-160,-160,4,5,-2,10,1200,1
SF_DW,SF_DW03,37.76386355,-122.5020648,1700,1,LTE,14,30,-2,5,-160,-160,4,5,-2,35,1200,2
SF_DX,SF_DX01,37.7620719,-122.4974338,1700,1,LTE,14,30,-2,5,-160,-160,4,5,-2,22,1200,0
SF_DX,SF_DX02,37.7620719,-122.4974338,1700,1,LTE,14,30,-2,5,-160,-160,4,5,-2,10,1200,1
SF_DX,SF_DX03,37.7620719,-122.4974338,1700,1,LTE,14,30,-2,5,-160,-160,4,5,-2,35,1200,2
SF_DY,SF_DY01,37.76301456,-122.4933439,1700,1,LTE,14,30,-2,5,-160,-160,4,5,-2,22,1200,0
SF_DY,SF_DY02,37.76301456,-122.4933439,1700,1,LTE,14,30,-2,5,-160,-160,4,5,-2,10,1200,1
SF_DY,SF_DY03,37.76301456,-122.4933439,1700,1,LTE,14,30,-2,5,-160,-160,4,5,-2,35,1200,2
SF_DZ,SF_DZ01,37.7741424,-122.4534095,1700,1,LTE,14,30,-2,5,-160,-160,4,5,-2,22,1200,0
SF_DZ,SF_DZ02,37.7741424,-122.4534095,1700,1,LTE,14,30,-2,5,-160,-160,4,5,-2,10,1200,1
SF_DZ,SF_DZ03,37.7741424,-122.4534095,1700,1,LTE,14,30,-2,5,-160,-160,4,5,-2,35,1200,2
SF_EA,SF_EA01,37.77166417,-122.4526548,1700,1,LTE,14,30,-2,5,-160,-160,4,5,-2,22,1200,0
SF_EA,SF_EA02,37.77166417,-122.4526548,1700,1,LTE,14,30,-2,5,-160,-160,4,5,-2,10,1200,1
SF_EA,SF_EA03,37.77166417,-122.4526548,1700,1,LTE,14,30,-2,5,-160,-160,4,5,-2,35,1200,2
SF_EB,SF_EB01,37.770211,-122.4537308,1700,1,LTE,14,30,-2,5,-160,-160,4,5,-2,22,1200,0
SF_EB,SF_EB02,37.770211,-122.4537308,1700,1,LTE,14,30,-2,5,-160,-160,4,5,-2,10,1200,1
SF_EB,SF_EB03,37.770211,-122.4537308,1700,1,LTE,14,30,-2,5,-160,-160,4,5,-2,35,1200,2
SF_EC,SF_EC01,37.78431685,-122.4231548,1700,1,LTE,14,30,-2,5,-160,-160,4,5,-2,22,1200,0
SF_EC,SF_EC02,37.78431685,-122.4231548,1700,1,LTE,14,30,-2,5,-160,-160,4,5,-2,10,1200,1
SF_EC,SF_EC03,37.78431685,-122.4231548,1700,1,LTE,14,30,-2,5,-160,-160,4,5,-2,35,1200,2
SF_ED,SF_ED01,37.76696492,-122.3952709,1700,1,LTE,14,30,-2,5,-160,-160,4,5,-2,22,1200,0
SF_ED,SF_ED02,37.76696492,-122.3952709,1700,1,LTE,14,30,-2,5,-160,-160,4,5,-2,10,1200,1
SF_ED,SF_ED03,37.76696492,-122.3952709,1700,1,LTE,14,30,-2,5,-160,-160,4,5,-2,35,1200,2
SF_EE,SF_EE01,37.7639669,-122.3878445,1700,1,LTE,14,30,-2,5,-160,-160,4,5,-2,22,1200,0
SF_EE,SF_EE02,37.7639669,-122.3878445,1700,1,LTE,14,30,-2,5,-160,-160,4,5,-2,10,1200,1
SF_EE,SF_EE03,37.7639669,-122.3878445,1700,1,LTE,14,30,-2,5,-160,-160,4,5,-2,35,1200,2
SF_EF,SF_EF01,37.76662017,-122.3995777,1700,1,LTE,14,30,-2,5,-160,-160,4,5,-2,22,1200,0
SF_EF,SF_EF02,37.76662017,-122.3995777,1700,1,LTE,14,30,-2,5,-160,-160,4,5,-2,10,1200,1
SF_EF,SF_EF03,37.76662017,-122.3995777,1700,1,LTE,14,30,-2,5,-160,-160,4,5,-2,35,1200,2
SF_EG,SF_EG01,37.76080524,-122.3891383,1700,1,LTE,14,30,-2,5,-160,-160,4,5,-2,22,1200,0
SF_EG,SF_EG02,37.76080524,-122.3891383,1700,1,LTE,14,30,-2,5,-160,-160,4,5,-2,10,1200,1
SF_EG,SF_EG03,37.76080524,-122.3891383,1700,1,LTE,14,30,-2,5,-160,-160,4,5,-2,35,1200,2
SF_EH,SF_EH01,37.75602117,-122.3945232,1700,1,LTE,14,30,-2,5,-160,-160,4,5,-2,22,1200,0
SF_EH,SF_EH02,37.75602117,-122.3945232,1700,1,LTE,14,30,-2,5,-160,-160,4,5,-2,10,1200,1
SF_EH,SF_EH03,37.75602117,-122.3945232,1700,1,LTE,14,30,-2,5,-160,-160,4,5,-2,35,1200,2
SF_EI,SF_EI01,37.75713264,-122.395922,1700,1,LTE,14,30,-2,5,-160,-160,4,5,-2,22,1200,0
SF_EI,SF_EI02,37.75713264,-122.395922,1700,1,LTE,14,30,-2,5,-160,-160,4,5,-2,10,1200,1
SF_EI,SF_EI03,37.75713264,-122.395922,1700,1,LTE,14,30,-2,5,-160,-160,4,5,-2,35,1200,2
SF_EJ,SF_EJ01,37.76286,-122.4003329,1700,1,LTE,14,30,-2,5,-160,-160,4,5,-2,22,1200,0
SF_EJ,SF_EJ02,37.76286,-122.4003329,1700,1,LTE,14,30,-2,5,-160,-160,4,5,-2,10,1200,1
SF_EJ,SF_EJ03,37.76286,-122.4003329,1700,1,LTE,14,30,-2,5,-160,-160,4,5,-2,35,1200,2
SF_EK,SF_EK01,37.77491261,-122.4100179,1700,1,LTE,14,30,-2,5,-160,-160,4,5,-2,22,1200,0
SF_EK,SF_EK02,37.77491261,-122.4100179,1700,1,LTE,14,30,-2,5,-160,-160,4,5,-2,10,1200,1
SF_EK,SF_EK03,37.77491261,-122.4100179,1700,1,LTE,14,30,-2,5,-160,-160,4,5,-2,35,1200,2
SF_EL,SF_EL01,37.75345788,-122.396462,1700,1,LTE,14,30,-2,5,-160,-160,4,5,-2,22,1200,0
SF_EL,SF_EL02,37.75345788,-122.396462,1700,1,LTE,14,30,-2,5,-160,-160,4,5,-2,10,1200,1
SF_EL,SF_EL03,37.75345788,-122.396462,1700,1,LTE,14,30,-2,5,-160,-160,4,5,-2,35,1200,2
SF_EM,SF_EM01,37.73602111,-122.3900138,1700,1,LTE,14,30,-2,5,-160,-160,4,5,-2,22,1200,0
SF_EM,SF_EM02,37.73602111,-122.3900138,1700,1,LTE,14,30,-2,5,-160,-160,4,5,-2,10,1200,1
SF_EM,SF_EM03,37.73602111,-122.3900138,1700,1,LTE,14,30,-2,5,-160,-160,4,5,-2,35,1200,2
SF_EN,SF_EN01,37.74730093,-122.3863478,1700,1,LTE,14,30,-2,5,-160,-160,4,5,-2,22,1200,0
SF_EN,SF_EN02,37.74730093,-122.3863478,1700,1,LTE,14,30,-2,5,-160,-160,4,5,-2,10,1200,1
SF_EN,SF_EN03,37.74730093,-122.3863478,1700,1,LTE,14,30,-2,5,-160,-160,4,5,-2,35,1200,2
SF_EO,SF_EO01,37.78183539,-122.4544877,1700,1,LTE,14,30,-2,5,-160,-160,4,5,-2,22,1200,0
SF_EO,SF_EO02,37.78183539,-122.4544877,1700,1,LTE,14,30,-2,5,-160,-160,4,5,-2,10,1200,1
SF_EO,SF_EO03,37.78183539,-122.4544877,1700,1,LTE,14,30,-2,5,-160,-160,4,5,-2,35,1200,2
SF_EP,SF_EP01,37.77260702,-122.4243383,1700,1,LTE,14,30,-2,5,-160,-160,4,5,-2,22,1200,0
SF_EP,SF_EP02,37.77260702,-122.4243383,1700,1,LTE,14,30,-2,5,-160,-160,4,5,-2,10,1200,1
SF_EP,SF_EP03,37.77260702,-122.4243383,1700,1,LTE,14,30,-2,5,-160,-160,4,5,-2,35,1200,2
SF_EQ,SF_EQ01,37.75712175,-122.4957082,1700,1,LTE,14,30,-2,5,-160,-160,4,5,-2,22,1200,0
SF_EQ,SF_EQ02,37.75712175,-122.4957082,1700,1,LTE,14,30,-2,5,-160,-160,4,5,-2,10,1200,1
SF_EQ,SF_EQ03,37.75712175,-122.4957082,1700,1,LTE,14,30,-2,5,-160,-160,4,5,-2,35,1200,2
SF_ER,SF_ER01,37.75293404,-122.4957047,1700,1,LTE,14,30,-2,5,-160,-160,4,5,-2,22,1200,0
SF_ER,SF_ER02,37.75293404,-122.4957047,1700,1,LTE,14,30,-2,5,-160,-160,4,5,-2,10,1200,1
SF_ER,SF_ER03,37.75293404,-122.4957047,1700,1,LTE,14,30,-2,5,-160,-160,4,5,-2,35,1200,2
SF_ES,SF_ES01,37.78628115,-122.4171253,1700,1,LTE,14,30,-2,5,-160,-160,4,5,-2,22,1200,0
SF_ES,SF_ES02,37.78628115,-122.4171253,1700,1,LTE,14,30,-2,5,-160,-160,4,5,-2,10,1200,1
SF_ES,SF_ES03,37.78628115,-122.4171253,1700,1,LTE,14,30,-2,5,-160,-160,4,5,-2,35,1200,2
SF_ET,SF_ET01,37.78363162,-122.4408159,1700,1,LTE,14,30,-2,5,-160,-160,4,5,-2,22,1200,0
SF_ET,SF_ET02,37.78363162,-122.4408159,1700,1,LTE,14,30,-2,5,-160,-160,4,5,-2,10,1200,1
SF_ET,SF_ET03,37.78363162,-122.4408159,1700,1,LTE,14,30,-2,5,-160,-160,4,5,-2,35,1200,2
SF_EU,SF_EU01,37.78534057,-122.4128181,1700,1,LTE,14,30,-2,5,-160,-160,4,5,-2,22,1200,0
SF_EU,SF_EU02,37.78534057,-122.4128181,1700,1,LTE,14,30,-2,5,-160,-160,4,5,-2,10,1200,1
SF_EU,SF_EU03,37.78534057,-122.4128181,1700,1,LTE,14,30,-2,5,-160,-160,4,5,-2,35,1200,2
SF_EV,SF_EV01,37.78243537,-122.4178797,1700,1,LTE,14,30,-2,5,-160,-160,4,5,-2,22,1200,0
SF_EV,SF_EV02,37.78243537,-122.4178797,1700,1,LTE,14,30,-2,5,-160,-160,4,5,-2,10,1200,1
SF_EV,SF_EV03,37.78243537,-122.4178797,1700,1,LTE,14,30,-2,5,-160,-160,4,5,-2,35,1200,2
SF_EW,SF_EW01,37.79609648,-122.3968725,1700,1,LTE,14,30,-2,5,-160,-160,4,5,-2,22,1200,0
SF_EW,SF_EW02,37.79609648,-122.3968725,1700,1,LTE,14,30,-2,5,-160,-160,4,5,-2,10,1200,1
SF_EW,SF_EW03,37.79609648,-122.3968725,1700,1,LTE,14,30,-2,5,-160,-160,4,5,-2,35,1200,2
SF_EX,SF_EX01,37.79216464,-122.395367,1700,1,LTE,14,30,-2,5,-160,-160,4,5,-2,22,1200,0
SF_EX,SF_EX02,37.79216464,-122.395367,1700,1,LTE,14,30,-2,5,-160,-160,4,5,-2,10,1200,1
SF_EX,SF_EX03,37.79216464,-122.395367,1700,1,LTE,14,30,-2,5,-160,-160,4,5,-2,35,1200,2
SF_EY,SF_EY01,37.79712466,-122.4050573,1700,1,LTE,14,30,-2,5,-160,-160,4,5,-2,22,1200,0
SF_EY,SF_EY02,37.79712466,-122.4050573,1700,1,LTE,14,30,-2,5,-160,-160,4,5,-2,10,1200,1
SF_EY,SF_EY03,37.79712466,-122.4050573,1700,1,LTE,14,30,-2,5,-160,-160,4,5,-2,35,1200,2
SF_EZ,SF_EZ01,37.79464523,-122.4017198,1700,1,LTE,14,30,-2,5,-160,-160,4,5,-2,22,1200,0
SF_EZ,SF_EZ02,37.79464523,-122.4017198,1700,1,LTE,14,30,-2,5,-160,-160,4,5,-2,10,1200,1
SF_EZ,SF_EZ03,37.79464523,-122.4017198,1700,1,LTE,14,30,-2,5,-160,-160,4,5,-2,35,1200,2
SF_FA,SF_FA01,37.80593094,-122.4218569,1700,1,LTE,14,30,-2,5,-160,-160,4,5,-2,22,1200,0
SF_FA,SF_FA02,37.80593094,-122.4218569,1700,1,LTE,14,30,-2,5,-160,-160,4,5,-2,10,1200,1
SF_FA,SF_FA03,37.80593094,-122.4218569,1700,1,LTE,14,30,-2,5,-160,-160,4,5,-2,35,1200,2
SF_FB,SF_FB01,37.78020411,-122.4092645,1700,1,LTE,14,30,-2,5,-160,-160,4,5,-2,22,1200,0
SF_FB,SF_FB02,37.78020411,-122.4092645,1700,1,LTE,14,30,-2,5,-160,-160,4,5,-2,10,1200,1
SF_FB,SF_FB03,37.78020411,-122.4092645,1700,1,LTE,14,30,-2,5,-160,-160,4,5,-2,35,1200,2
SF_FG,SF_FG01,37.80328157,-122.4216421,1700,1,LTE,14,30,-2,5,-160,-160,4,5,-2,22,1200,0
SF_FG,SF_FG02,37.80328157,-122.4216421,1700,1,LTE,14,30,-2,5,-160,-160,4,5,-2,10,1200,1
SF_FG,SF_FG03,37.80328157,-122.4216421,1700,1,LTE,14,30,-2,5,-160,-160,4,5,-2,35,1200,2
SF_FH,SF_FH01,37.80499198,-122.4342442,1700,1,LTE,14,30,-2,5,-160,-160,4,5,-2,22,1200,0
SF_FH,SF_FH02,37.80499198,-122.4342442,1700,1,LTE,14,30,-2,5,-160,-160,4,5,-2,10,1200,1
SF_FH,SF_FH03,37.80499198,-122.4342442,1700,1,LTE,14,30,-2,5,-160,-160,4,5,-2,35,1200,2
SF_FI,SF_FI01,37.79986419,-122.433706,1700,1,LTE,14,30,-2,5,-160,-160,4,5,-2,22,1200,0
SF_FI,SF_FI02,37.79986419,-122.433706,1700,1,LTE,14,30,-2,5,-160,-160,4,5,-2,10,1200,1
SF_FI,SF_FI03,37.79986419,-122.433706,1700,1,LTE,14,30,-2,5,-160,-160,4,5,-2,35,1200,2
SF_FJ,SF_FJ01,37.80217172,-122.4345675,1700,1,LTE,14,30,-2,5,-160,-160,4,5,-2,22,1200,0
SF_FJ,SF_FJ02,37.80217172,-122.4345675,1700,1,LTE,14,30,-2,5,-160,-160,4,5,-2,10,1200,1
SF_FJ,SF_FJ03,37.80217172,-122.4345675,1700,1,LTE,14,30,-2,5,-160,-160,4,5,-2,35,1200,2
SF_FK,SF_FK01,37.79593273,-122.4306906,1700,1,LTE,14,30,-2,5,-160,-160,4,5,-2,22,1200,0
SF_FK,SF_FK02,37.79593273,-122.4306906,1700,1,LTE,14,30,-2,5,-160,-160,4,5,-2,10,1200,1
SF_FK,SF_FK03,37.79593273,-122.4306906,1700,1,LTE,14,30,-2,5,-160,-160,4,5,-2,35,1200,2
SF_FL,SF_FL01,37.80344942,-122.4706507,1700,1,LTE,14,30,-2,5,-160,-160,4,5,-2,22,1200,0
SF_FL,SF_FL02,37.80344942,-122.4706507,1700,1,LTE,14,30,-2,5,-160,-160,4,5,-2,10,1200,1
SF_FL,SF_FL03,37.80344942,-122.4706507,1700,1,LTE,14,30,-2,5,-160,-160,4,5,-2,35,1200,2
SF_FM,SF_FM01,37.7960149,-122.4677396,1700,1,LTE,14,30,-2,5,-160,-160,4,5,-2,22,1200,0
SF_FM,SF_FM02,37.7960149,-122.4677396,1700,1,LTE,14,30,-2,5,-160,-160,4,5,-2,10,1200,1
SF_FM,SF_FM03,37.7960149,-122.4677396,1700,1,LTE,14,30,-2,5,-160,-160,4,5,-2,35,1200,2
SF_FN,SF_FN01,37.7643069,-122.4721411,1700,1,LTE,14,30,-2,5,-160,-160,4,5,-2,22,1200,0
SF_FN,SF_FN02,37.7643069,-122.4721411,1700,1,LTE,14,30,-2,5,-160,-160,4,5,-2,10,1200,1
SF_FN,SF_FN03,37.7643069,-122.4721411,1700,1,LTE,14,30,-2,5,-160,-160,4,5,-2,35,1200,2
SF_FO,SF_FO01,37.76284848,-122.4879653,1700,1,LTE,14,30,-2,5,-160,-160,4,5,-2,22,1200,0
SF_FO,SF_FO02,37.76284848,-122.4879653,1700,1,LTE,14,30,-2,5,-160,-160,4,5,-2,10,1200,1
SF_FO,SF_FO03,37.76284848,-122.4879653,1700,1,LTE,14,30,-2,5,-160,-160,4,5,-2,35,1200,2
SF_FP,SF_FP01,37.76106331,-122.4516861,1700,1,LTE,14,30,-2,5,-160,-160,4,5,-2,22,1200,0
SF_FP,SF_FP02,37.76106331,-122.4516861,1700,1,LTE,14,30,-2,5,-160,-160,4,5,-2,10,1200,1
SF_FP,SF_FP03,37.76106331,-122.4516861,1700,1,LTE,14,30,-2,5,-160,-160,4,5,-2,35,1200,2
SF_FQ,SF_FQ01,37.79379176,-122.4055973,1700,1,LTE,14,30,-2,5,-160,-160,4,5,-2,22,1200,0
SF_FQ,SF_FQ02,37.79379176,-122.4055973,1700,1,LTE,14,30,-2,5,-160,-160,4,5,-2,10,1200,1
SF_FQ,SF_FQ03,37.79379176,-122.4055973,1700,1,LTE,14,30,-2,5,-160,-160,4,5,-2,35,1200,2
SF_FR,SF_FR01,37.79037277,-122.4039835,1700,1,LTE,14,30,-2,5,-160,-160,4,5,-2,22,1200,0
SF_FR,SF_FR02,37.79037277,-122.4039835,1700,1,LTE,14,30,-2,5,-160,-160,4,5,-2,10,1200,1
SF_FR,SF_FR03,37.79037277,-122.4039835,1700,1,LTE,14,30,-2,5,-160,-160,4,5,-2,35,1200,2
SF_FS,SF_FS01,37.78721092,-122.4049542,1700,1,LTE,14,30,-2,5,-160,-160,4,5,-2,22,1200,0
SF_FS,SF_FS02,37.78721092,-122.4049542,1700,1,LTE,14,30,-2,5,-160,-160,4,5,-2,10,1200,1
SF_FS,SF_FS03,37.78721092,-122.4049542,1700,1,LTE,14,30,-2,5,-160,-160,4,5,-2,35,1200,2
SF_FT,SF_FT01,37.80806617,-122.4142084,1700,1,LTE,14,30,-2,5,-160,-160,4,5,-2,22,1200,0
SF_FT,SF_FT02,37.80806617,-122.4142084,1700,1,LTE,14,30,-2,5,-160,-160,4,5,-2,10,1200,1
SF_FT,SF_FT03,37.80806617,-122.4142084,1700,1,LTE,14,30,-2,5,-160,-160,4,5,-2,35,1200,2
SF_FU,SF_FU01,37.80763766,-122.4090381,1700,1,LTE,14,30,-2,5,-160,-160,4,5,-2,22,1200,0
SF_FU,SF_FU02,37.80763766,-122.4090381,1700,1,LTE,14,30,-2,5,-160,-160,4,5,-2,10,1200,1
SF_FU,SF_FU03,37.80763766,-122.4090381,1700,1,LTE,14,30,-2,5,-160,-160,4,5,-2,35,1200,2
SF_FV,SF_FV01,37.80618353,-122.4044069,1700,1,LTE,14,30,-2,5,-160,-160,4,5,-2,22,1200,0
SF_FV,SF_FV02,37.80618353,-122.4044069,1700,1,LTE,14,30,-2,5,-160,-160,4,5,-2,10,1200,1
SF_FV,SF_FV03,37.80618353,-122.4044069,1700,1,LTE,14,30,-2,5,-160,-160,4,5,-2,35,1200,2
SF_FW,SF_FW01,37.80327855,-122.4071011,1700,1,LTE,14,30,-2,5,-160,-160,4,5,-2,22,1200,0
SF_FW,SF_FW02,37.80327855,-122.4071011,1700,1,LTE,14,30,-2,5,-160,-160,4,5,-2,10,1200,1
SF_FW,SF_FW03,37.80327855,-122.4071011,1700,1,LTE,14,30,-2,5,-160,-160,4,5,-2,35,1200,2
SF_FX,SF_FX01,37.79507507,-122.410874,1700,1,LTE,14,30,-2,5,-160,-160,4,5,-2,22,1200,0
SF_FX,SF_FX02,37.79507507,-122.410874,1700,1,LTE,14,30,-2,5,-160,-160,4,5,-2,10,1200,1
SF_FX,SF_FX03,37.79507507,-122.410874,1700,1,LTE,14,30,-2,5,-160,-160,4,5,-2,35,1200,2
SF_FY,SF_FY01,37.7594307,-122.4861331,1700,1,LTE,14,30,-2,5,-160,-160,4,5,-2,22,1200,0
SF_FY,SF_FY02,37.7594307,-122.4861331,1700,1,LTE,14,30,-2,5,-160,-160,4,5,-2,10,1200,1
SF_FY,SF_FY03,37.7594307,-122.4861331,1700,1,LTE,14,30,-2,5,-160,-160,4,5,-2,35,1200,2
SF_FZ,SF_FZ01,37.75721476,-122.4670786,1700,1,LTE,14,30,-2,5,-160,-160,4,5,-2,22,1200,0
SF_FZ,SF_FZ02,37.75721476,-122.4670786,1700,1,LTE,14,30,-2,5,-160,-160,4,5,-2,10,1200,1
SF_FZ,SF_FZ03,37.75721476,-122.4670786,1700,1,LTE,14,30,-2,5,-160,-160,4,5,-2,35,1200,2
SF_GA,SF_GA01,37.75755207,-122.4820414,1700,1,LTE,14,30,-2,5,-160,-160,4,5,-2,22,1200,0
SF_GA,SF_GA02,37.75755207,-122.4820414,1700,1,LTE,14,30,-2,5,-160,-160,4,5,-2,10,1200,1
SF_GA,SF_GA03,37.75755207,-122.4820414,1700,1,LTE,14,30,-2,5,-160,-160,4,5,-2,35,1200,2
SF_GB,SF_GB01,37.77388352,-122.4386605,1700,1,LTE,14,30,-2,5,-160,-160,4,5,-2,22,1200,0
SF_GB,SF_GB02,37.77388352,-122.4386605,1700,1,LTE,14,30,-2,5,-160,-160,4,5,-2,10,1200,1
SF_GB,SF_GB03,37.77388352,-122.4386605,1700,1,LTE,14,30,-2,5,-160,-160,4,5,-2,35,1200,2
SF_GC,SF_GC01,37.75524781,-122.4055069,1700,1,LTE,14,30,-2,5,-160,-160,4,5,-2,22,1200,0
SF_GC,SF_GC02,37.75524781,-122.4055069,1700,1,LTE,14,30,-2,5,-160,-160,4,5,-2,10,1200,1
SF_GC,SF_GC03,37.75524781,-122.4055069,1700,1,LTE,14,30,-2,5,-160,-160,4,5,-2,35,1200,2
SF_GD,SF_GD01,37.75661833,-122.4193923,1700,1,LTE,14,30,-2,5,-160,-160,4,5,-2,22,1200,0
SF_GD,SF_GD02,37.75661833,-122.4193923,1700,1,LTE,14,30,-2,5,-160,-160,4,5,-2,10,1200,1
SF_GD,SF_GD03,37.75661833,-122.4193923,1700,1,LTE,14,30,-2,5,-160,-160,4,5,-2,35,1200,2
SF_GE,SF_GE01,37.75943825,-122.4172386,1700,1,LTE,14,30,-2,5,-160,-160,4,5,-2,22,1200,0
SF_GE,SF_GE02,37.75943825,-122.4172386,1700,1,LTE,14,30,-2,5,-160,-160,4,5,-2,10,1200,1
SF_GE,SF_GE03,37.75943825,-122.4172386,1700,1,LTE,14,30,-2,5,-160,-160,4,5,-2,35,1200,2
SF_GF,SF_GF01,37.76208615,-122.4103482,1700,1,LTE,14,30,-2,5,-160,-160,4,5,-2,22,1200,0
SF_GF,SF_GF02,37.76208615,-122.4103482,1700,1,LTE,14,30,-2,5,-160,-160,4,5,-2,10,1200,1
SF_GF,SF_GF03,37.76208615,-122.4103482,1700,1,LTE,14,30,-2,5,-160,-160,4,5,-2,35,1200,2
SF_GG,SF_GG01,37.7590085,-122.4065817,1700,1,LTE,14,30,-2,5,-160,-160,4,5,-2,22,1200,0
SF_GG,SF_GG02,37.7590085,-122.4065817,1700,1,LTE,14,30,-2,5,-160,-160,4,5,-2,10,1200,1
SF_GG,SF_GG03,37.7590085,-122.4065817,1700,1,LTE,14,30,-2,5,-160,-160,4,5,-2,35,1200,2
SF_GH,SF_GH01,37.76473575,-122.4113161,1700,1,LTE,14,30,-2,5,-160,-160,4,5,-2,22,1200,0
SF_GH,SF_GH02,37.76473575,-122.4113161,1700,1,LTE,14,30,-2,5,-160,-160,4,5,-2,10,1200,1
SF_GH,SF_GH03,37.76473575,-122.4113161,1700,1,LTE,14,30,-2,5,-160,-160,4,5,-2,35,1200,2
SF_GI,SF_GI01,37.76396793,-122.4178832,1700,1,LTE,14,30,-2,5,-160,-160,4,5,-2,22,1200,0
SF_GI,SF_GI02,37.76396793,-122.4178832,1700,1,LTE,14,30,-2,5,-160,-160,4,5,-2,10,1200,1
SF_GI,SF_GI03,37.76396793,-122.4178832,1700,1,LTE,14,30,-2,5,-160,-160,4,5,-2,35,1200,2
SF_GJ,SF_GJ01,37.77276992,-122.4141124,1700,1,LTE,14,30,-2,5,-160,-160,4,5,-2,22,1200,0
SF_GJ,SF_GJ02,37.77276992,-122.4141124,1700,1,LTE,14,30,-2,5,-160,-160,4,5,-2,10,1200,1
SF_GJ,SF_GJ03,37.77276992,-122.4141124,1700,1,LTE,14,30,-2,5,-160,-160,4,5,-2,35,1200,2
SF_GK,SF_GK01,37.79114232,-122.4722608,1700,1,LTE,14,30,-2,5,-160,-160,4,5,-2,22,1200,0
SF_GK,SF_GK02,37.79114232,-122.4722608,1700,1,LTE,14,30,-2,5,-160,-160,4,5,-2,10,1200,1
SF_GK,SF_GK03,37.79114232,-122.4722608,1700,1,LTE,14,30,-2,5,-160,-160,4,5,-2,35,1200,2
SF_GL,SF_GL01,37.80046049,-122.4167959,1700,1,LTE,14,30,-2,5,-160,-160,4,5,-2,22,1200,0
SF_GL,SF_GL02,37.80046049,-122.4167959,1700,1,LTE,14,30,-2,5,-160,-160,4,5,-2,10,1200,1
SF_GL,SF_GL03,37.80046049,-122.4167959,1700,1,LTE,14,30,-2,5,-160,-160,4,5,-2,35,1200,2
SF_GM,SF_GM01,37.79909362,-122.4199198,1700,1,LTE,14,30,-2,5,-160,-160,4,5,-2,22,1200,0
SF_GM,SF_GM02,37.79909362,-122.4199198,1700,1,LTE,14,30,-2,5,-160,-160,4,5,-2,10,1200,1
SF_GM,SF_GM03,37.79909362,-122.4199198,1700,1,LTE,14,30,-2,5,-160,-160,4,5,-2,35,1200,2
SF_GN,SF_GN01,37.79738478,-122.4227205,1700,1,LTE,14,30,-2,5,-160,-160,4,5,-2,22,1200,0
SF_GN,SF_GN02,37.79738478,-122.4227205,1700,1,LTE,14,30,-2,5,-160,-160,4,5,-2,10,1200,1
SF_GN,SF_GN03,37.79738478,-122.4227205,1700,1,LTE,14,30,-2,5,-160,-160,4,5,-2,35,1200,2
SF_GO,SF_GO01,37.79336793,-122.4220751,1700,1,LTE,14,30,-2,5,-160,-160,4,5,-2,22,1200,0
SF_GO,SF_GO02,37.79336793,-122.4220751,1700,1,LTE,14,30,-2,5,-160,-160,4,5,-2,10,1200,1
SF_GO,SF_GO03,37.79336793,-122.4220751,1700,1,LTE,14,30,-2,5,-160,-160,4,5,-2,35,1200,2
SF_GP,SF_GP01,37.78370662,-122.4038789,1700,1,LTE,14,30,-2,5,-160,-160,4,5,-2,22,1200,0
SF_GP,SF_GP02,37.78370662,-122.4038789,1700,1,LTE,14,30,-2,5,-160,-160,4,5,-2,10,1200,1
SF_GP,SF_GP03,37.78370662,-122.4038789,1700,1,LTE,14,30,-2,5,-160,-160,4,5,-2,35,1200,2
SF_GQ,SF_GQ01,37.77986128,-122.4056036,1700,1,LTE,14,30,-2,5,-160,-160,4,5,-2,22,1200,0
SF_GQ,SF_GQ02,37.77986128,-122.4056036,1700,1,LTE,14,30,-2,5,-160,-160,4,5,-2,10,1200,1
SF_GQ,SF_GQ03,37.77986128,-122.4056036,1700,1,LTE,14,30,-2,5,-160,-160,4,5,-2,35,1200,2